Age,Gender,Income,Product_Category,Promotion,Sales
56,Male,74663.63012852042,Books,Yes,38626.26646288456
46,Female,55672.216510139864,Clothing,No,28874.82609783251
32,Female,41890.13330253327,Electronics,No,21751.329499651278
60,Female,99769.9600126169,Books,Yes,51245.93465326625
25,Male,54094.50417887783,Clothing,No,27502.30965676634
38,Male,56110.96194637404,Books,No,29008.954471153455
56,Male,33089.90569533354,Books,Yes,17688.94522225342
36,Male,83584.76389999434,Clothing,No,42555.74318823817
40,Male,75494.57806251908,Books,No,38564.025299424444
28,Male,37661.569023100834,Electronics,Yes,19539.938723638148
28,Male,26590.483649267415,Electronics,Yes,13901.438100319965
41,Male,74439.94416597704,Books,No,38096.66365541225
53,Female,72360.89714249081,Clothing,Yes,37201.914189530806
57,Female,41860.76215985675,Books,No,22251.847600778532
41,Male,96069.08498003283,Electronics,Yes,49021.61658461144
20,Male,32084.63134247202,Books,No,16463.089695045834
39,Female,54586.78408340815,Books,Yes,28111.477138701495
19,Male,95489.27361340792,Electronics,No,48269.099631335725
41,Male,53578.18535408979,Books,No,27588.363338981297
61,Male,71082.07581312684,Books,No,36823.574438139935
47,Female,51807.55183702354,Clothing,Yes,27044.915797254907
55,Female,41937.2161878936,Clothing,Yes,22072.482382033082
19,Female,98718.21183678626,Electronics,No,49870.96600130515
38,Female,52746.72050520344,Electronics,No,27259.932779295268
50,Female,91527.93629433075,Electronics,Yes,46869.23446529911
29,Male,38396.3684712869,Clothing,Yes,19797.805277233056
39,Female,37048.37632200666,Electronics,Yes,19540.66786669277
61,Male,22490.72663076091,Electronics,Yes,12505.606451803758
42,Male,72133.3460300708,Electronics,Yes,36825.469124922434
44,Female,49482.10749790089,Clothing,Yes,25770.10710811355
59,Female,89148.65998717096,Books,No,45699.1996586087
45,Male,57856.792535324574,Electronics,Yes,29997.584382147794
33,Male,97455.47423317774,Books,No,49571.227441373216
32,Male,34842.04125624969,Electronics,Yes,18223.995615964715
64,Female,89489.85343644886,Books,Yes,46217.06784841318
61,Female,82127.74822333934,Clothing,No,42550.879022362635
20,Female,81673.74757152416,Clothing,No,41398.549832022974
54,Female,87582.658249351,Electronics,Yes,45019.38646393805
24,Female,80881.91927543991,Books,No,41149.354456072324
38,Male,70097.62573051323,Clothing,No,36034.29041974127
26,Female,30499.590214591008,Electronics,No,16041.672285621446
56,Male,22602.094359300154,Electronics,No,12451.832828130477
35,Male,93667.82782525495,Clothing,Yes,47468.51207677763
21,Male,69332.02516165905,Clothing,No,35080.69336248604
42,Female,83722.9832780941,Electronics,Yes,42886.85580062637
31,Female,58521.78812100401,Books,Yes,29981.809955035213
26,Female,29384.65511699156,Books,Yes,15276.679459978095
43,Male,30014.863376204034,Books,Yes,15993.47982798251
19,Male,74845.2229783177,Electronics,No,37735.53098099153
37,Male,54424.471591957015,Clothing,No,28016.35272584766
45,Male,36041.97813602694,Electronics,Yes,19132.834832498258
64,Male,59327.56373931495,Clothing,Yes,31068.7134341133
24,Male,25136.714966010728,Books,Yes,13187.538465188736
61,Female,66557.7121531519,Books,Yes,34743.593355571196
25,Female,41519.47235480782,Clothing,No,21318.121848916544
64,Female,83804.72805097504,Clothing,Yes,43202.05485935249
52,Female,44828.9567138859,Electronics,No,23668.429861209454
31,Male,56417.611926544094,Books,Yes,29015.91802637544
34,Male,20929.64319264805,Electronics,Yes,11300.650763799606
53,Female,25795.75102356471,Electronics,Yes,14056.83841172411
57,Male,51399.484512534786,Electronics,Yes,26939.880221368192
21,Female,58395.10677736988,Books,No,29554.87609347183
19,Female,68001.6438495443,Electronics,No,34587.11657779287
23,Female,43333.00629674426,Electronics,No,22329.268279325042
59,Male,75598.55089012341,Electronics,Yes,38948.10717001503
21,Female,88809.79177513637,Electronics,Yes,45026.6590959588
46,Female,82388.07911146799,Electronics,No,42249.449721234894
35,Female,23169.50602786857,Electronics,No,12277.555602895205
43,Male,58440.55578062632,Books,Yes,30029.677870205913
61,Male,28394.41427345399,Electronics,Yes,15554.556463667166
51,Female,39363.601269002196,Clothing,No,20727.030223110407
27,Male,98933.00746137172,Electronics,Yes,50288.49861574083
53,Male,31399.643432121058,Electronics,Yes,16955.08155552542
31,Male,59911.05227610849,Books,No,30672.895451727465
48,Male,69452.45874544952,Books,Yes,35808.537273125
32,Male,76197.19764352831,Clothing,No,38921.68553980087
25,Male,64771.894678953126,Clothing,Yes,33040.5991486493
31,Male,20781.667793534692,Books,No,11110.810540616949
40,Male,46116.90465951935,Books,Yes,23830.426212129925
57,Male,61416.931470776915,Electronics,No,32234.66043192908
38,Male,27029.31993158667,Books,No,14214.34169006251
33,Female,48050.15449673446,Clothing,No,24718.822974657214
62,Female,22656.248703309324,Electronics,No,12497.651524013661
35,Male,26286.27977240166,Clothing,Yes,13967.019702077756
64,Female,51753.86209612769,Electronics,Yes,27287.042091792326
41,Female,30617.26032344483,Books,No,16270.15780555889
43,Male,65403.26786092465,Clothing,Yes,33457.72736735188
42,Male,75157.19753098127,Electronics,Yes,38629.889332228726
62,Male,84046.93592872663,Electronics,Yes,43282.72442421635
58,Female,36012.019539584806,Books,Yes,19236.109249856017
46,Female,33398.60658072558,Books,Yes,17797.460417230897
32,Male,28365.42722675202,Books,No,14898.8402817892
62,Male,70914.41996349095,Clothing,No,36780.40423741216
18,Male,76518.05811895209,Electronics,No,38778.94694146659
42,Female,22526.891586051363,Books,No,12211.324857019554
24,Female,94896.97969949519,Clothing,Yes,47979.37905949273
26,Female,24157.702692117793,Clothing,Yes,12667.204433235374
41,Female,63303.70682408564,Clothing,No,32558.041279908
18,Male,76724.84155607331,Books,Yes,38702.86516868202
61,Male,89677.52989968685,Books,Yes,46228.365815782294
25,Male,77126.95457059421,Electronics,No,39172.342678377856
41,Male,84138.24664558335,Electronics,Yes,42996.60094958387
28,Female,47156.015403424484,Books,No,24322.257357615388
34,Female,85186.00909972098,Clothing,No,43325.99318553935
25,Male,26409.18771077401,Clothing,Yes,13756.351755671763
52,Male,91585.3324848422,Clothing,Yes,46854.20336602071
52,Female,63807.3900922989,Electronics,No,33073.00174704204
50,Male,85383.82159699949,Clothing,No,43772.7558093329
22,Female,56185.46276146401,Electronics,Yes,28581.102960681015
59,Male,71486.215615722,Electronics,No,36985.33841014966
56,Male,62112.21287488905,Clothing,No,32160.146210592604
58,Male,78527.16174042656,Clothing,No,40403.09402483173
45,Male,26530.398562447168,Books,Yes,14062.2094980509
24,Male,24828.166719245106,Books,No,12920.992334254397
26,Male,39768.25872081172,Clothing,Yes,20303.90803379786
25,Male,32763.574409055065,Electronics,No,16915.50563589358
29,Female,89742.68532737614,Electronics,Yes,45505.073199100305
51,Female,37537.118988643546,Electronics,No,19988.749000048334
50,Female,98069.22046553051,Electronics,Yes,50048.116752134294
40,Female,46951.663341688545,Electronics,Yes,24314.713032362826
41,Female,34569.433255095944,Books,Yes,18151.564213628815
54,Male,83175.88057139833,Clothing,No,42659.925920548885
52,Male,72696.6220400701,Books,No,37575.23649977724
61,Female,59855.65731625112,Electronics,No,31128.971920820597
57,Male,64429.0840750105,Electronics,Yes,33416.60158760667
39,Female,77536.1422617811,Electronics,No,39676.27765580699
44,Female,38276.3793065039,Electronics,Yes,20221.30798755615
52,Male,99706.71328453935,Clothing,No,50905.332486676656
18,Male,97983.45297174265,Electronics,Yes,49259.91652582095
52,Male,72026.05490775495,Clothing,Yes,37108.017031718926
54,Female,35963.39607433161,Electronics,Yes,19311.900884783878
64,Male,74418.25939450331,Clothing,No,38567.3484379947
31,Female,25775.872718334067,Books,No,13596.578145403028
20,Female,22452.200176464485,Electronics,No,11614.798289074542
18,Female,40614.631080897096,Clothing,Yes,20635.748381419682
22,Male,57009.836539145304,Books,Yes,29016.722434436062
43,Male,89461.80043267044,Electronics,No,45528.262324107076
31,Female,78173.52558130464,Electronics,No,39879.89901288857
56,Male,79416.52169599848,Electronics,No,40823.5962231126
44,Male,54039.46675584603,Clothing,Yes,27967.267649849866
26,Male,47674.79940375703,Clothing,Yes,24238.823010003092
32,Female,49683.10103876822,Books,Yes,25527.170332539758
32,Female,99011.96509888463,Clothing,Yes,50112.39649472929
43,Male,23208.7353129986,Clothing,Yes,12302.17201476512
59,Female,89362.51968979588,Electronics,No,46010.444053831576
30,Male,66294.03268579146,Electronics,Yes,34011.13229680489
49,Male,55089.23353516724,Electronics,Yes,28737.564126518013
56,Male,78020.61283321092,Electronics,Yes,40298.47548559584
49,Male,58933.515313976226,Electronics,Yes,30505.345540193557
21,Female,89873.85904653285,Electronics,Yes,45552.5185461212
47,Female,92056.14912090068,Electronics,No,47185.45988030771
54,Female,53737.67414987643,Books,Yes,28047.519257905344
40,Male,42146.223778804124,Books,Yes,21824.67587217086
56,Male,67388.02628746898,Books,Yes,34834.07471387535
62,Male,92989.06764933528,Books,No,47954.803473502434
32,Female,36852.975120453324,Electronics,No,19154.013143411645
60,Male,69837.32668507862,Books,No,35836.1877705482
46,Female,70524.81760740164,Electronics,Yes,36150.5164573338
53,Female,78649.04179322248,Books,No,40407.07602629699
30,Female,30525.414810180784,Clothing,Yes,16051.289928932149
49,Female,77265.99717456708,Books,Yes,39670.686352042845
24,Female,92722.60165325127,Books,No,47011.74399212296
39,Female,34374.64870961936,Electronics,Yes,18029.708119454932
45,Male,39003.46599391021,Books,Yes,20275.303744731544
19,Male,97711.60752333117,Clothing,Yes,49256.64764580578
59,Female,34478.156216759184,Electronics,No,18548.57260853422
62,Female,88350.80746956632,Electronics,Yes,45556.59876971729
23,Male,59382.228515842784,Books,Yes,30095.603482995728
45,Female,39778.48595225417,Electronics,No,20849.123355946707
45,Female,89659.9921018009,Electronics,Yes,46113.46347470686
61,Male,55624.42040021324,Electronics,Yes,29008.88331747693
61,Female,61185.38831437522,Electronics,No,31973.766496633983
37,Female,48738.66955198126,Electronics,Yes,25014.66720613365
47,Female,67436.0681147942,Electronics,Yes,34859.41323985406
28,Male,33081.90980680182,Clothing,Yes,17081.722364382065
45,Male,51286.522932140855,Books,Yes,26653.47029189072
42,Male,97552.985786823,Clothing,Yes,49557.34033323468
56,Female,40650.674616090204,Electronics,No,21569.42258806277
50,Female,72538.93316330339,Electronics,No,37273.60155207755
18,Male,46015.20513797559,Books,No,23346.09775069113
44,Female,81877.85005492804,Clothing,No,41928.12362810352
30,Female,30469.89285746799,Books,Yes,15876.907881094292
58,Female,97585.68360628358,Clothing,Yes,50075.87994796342
20,Female,56303.16331069114,Electronics,Yes,28647.497523481234
56,Female,38884.037067717116,Books,Yes,20653.767901983287
23,Male,25879.739786401013,Books,Yes,13514.378540335847
25,Female,33580.63240700326,Electronics,No,17350.314358042513
44,Male,61581.915884481416,Books,No,31621.35296364053
26,Female,46960.2541145029,Clothing,Yes,24031.895830658472
54,Male,86310.66927060876,Clothing,Yes,44424.848553287724
50,Female,54471.00189294448,Clothing,Yes,28332.118254879893
59,Male,39897.1418070104,Clothing,No,21094.081058164153
61,Female,69371.5989283224,Electronics,Yes,36060.955524999976
41,Male,76542.17735083567,Books,Yes,39207.92023391175
32,Female,33363.352632075985,Clothing,Yes,17458.676223617775
49,Male,33409.537303065415,Electronics,No,17666.98493149558
49,Female,22933.71415468344,Books,Yes,12463.61797791313
41,Male,78912.16120525124,Books,No,40258.39768098692
58,Male,73104.3622097444,Electronics,No,37756.11631366558
29,Female,57970.47005998511,Electronics,No,29714.12694850693
56,Female,87533.63591753576,Clothing,No,44981.436439240984
19,Male,84453.61223600426,Books,No,42694.32781371785
20,Female,66828.34915174017,Books,No,34014.57649010724
54,Male,89461.7024410607,Electronics,Yes,45979.74031377951
34,Male,36467.29680294146,Books,Yes,18969.468238971123
19,Male,28953.56955181823,Clothing,Yes,14808.396258303865
19,Female,41579.96892135917,Books,No,21163.529759832498
45,Male,24566.948487145186,Electronics,Yes,13257.30373680477
40,Male,62493.56224008256,Electronics,No,32209.69410277489
54,Female,94928.45538359691,Clothing,No,48606.494498387845
49,Female,23147.483253480772,Clothing,No,12553.122031251542
50,Female,29768.793120802144,Books,Yes,15896.107271828349
18,Female,56175.92226267482,Books,No,28506.00331044529
36,Male,94710.00140223239,Electronics,No,48243.9994573379
19,Male,45292.48839814004,Clothing,Yes,23255.346129647533
61,Male,60578.784695071394,Clothing,Yes,31558.81548773273
43,Male,23325.828724031366,Clothing,No,12568.440043939423
49,Female,31867.456076967108,Books,No,16857.333867867816
23,Male,98930.40983670775,Clothing,Yes,50189.12417526382
49,Male,97209.49571488364,Electronics,Yes,49544.647573626215
21,Female,20395.198474752768,Electronics,Yes,10849.765468554438
28,Male,96144.94283385912,Books,No,48645.937821628315
34,Male,71129.59502524004,Books,Yes,36254.86086323598
55,Male,89433.46356160176,Clothing,Yes,45775.73142361229
41,Male,56379.18845070873,Books,Yes,29320.59909029508
22,Male,61247.68228634002,Electronics,No,31165.99030549785
51,Male,59107.72642055361,Clothing,Yes,30645.991253987213
23,Female,73349.14060368834,Electronics,Yes,37338.24353779962
39,Female,31172.100380505035,Clothing,Yes,16385.966917689522
28,Male,22397.887189814235,Books,Yes,11829.128190430218
33,Male,44634.39532729528,Clothing,Yes,23052.83129232885
50,Female,76374.46101893173,Clothing,No,39201.01593623105
26,Male,36148.276169835866,Electronics,No,18794.101892836523
23,Male,73874.59466599338,Electronics,No,37455.4318918471
33,Male,97592.96368858163,Clothing,Yes,49371.16863895393
46,Female,27512.05726315347,Books,No,14710.878895224649
20,Male,73808.1694580101,Books,No,37379.00259617644
37,Female,55500.01754436569,Electronics,No,28495.659448794086
53,Male,89451.38035020043,Books,Yes,45774.23069578317
36,Female,34171.98315579088,Electronics,Yes,17866.365674082834
43,Female,75410.07617809316,Books,No,38752.16165505328
20,Male,87049.22317184882,Clothing,No,43925.89578365984
36,Female,95569.13755792186,Electronics,Yes,48762.48048081603
37,Male,74659.84226317167,Electronics,Yes,38108.426087771
49,Female,59773.98112067419,Clothing,No,30964.491973962748
24,Male,69427.77921609711,Electronics,Yes,35249.26534062658
58,Male,89512.39875829745,Books,No,46041.60769617777
50,Female,65648.77973110638,Books,Yes,33797.56245009666
57,Male,22430.96477574695,Electronics,No,12509.768335831199
56,Male,94475.89564055823,Books,No,48419.334760310085
35,Female,75162.14008252489,Electronics,Yes,38332.070859584695
57,Male,74121.07086217972,Clothing,No,38233.91328261884
18,Male,37254.012191817375,Electronics,No,19220.391590011906
28,Female,72710.83761861257,Clothing,No,36994.20325979436
45,Female,51509.15245233268,Books,Yes,26669.303424575075
42,Male,72098.63816331937,Clothing,Yes,36838.849753376875
40,Male,28527.44242463926,Books,Yes,15184.261639662729
48,Female,72627.62436824289,Electronics,No,37388.39670882251
47,Female,99953.09806165332,Books,Yes,51071.051100335484
59,Male,23856.96310884448,Electronics,No,13042.259080453256
52,Female,98173.93473770538,Electronics,No,50104.74132356354
24,Male,52552.63685782965,Clothing,Yes,26941.006348840016
33,Male,89660.27602698073,Clothing,Yes,45593.2721781683
43,Male,82590.83872466188,Clothing,No,42258.75944745469
19,Male,65361.30087893343,Clothing,No,33014.38173625592
18,Male,79075.93674010612,Books,Yes,39869.869650220164
29,Female,90281.24490410784,Books,Yes,45904.74831787313
22,Female,52331.22573208264,Books,Yes,26794.450631517833
54,Female,46162.6529250591,Electronics,No,24147.494513826645
49,Female,73407.47084508678,Books,No,37620.7983729581
26,Male,84627.67535530069,Books,No,42872.9783805791
58,Male,80982.81078212927,Books,No,41621.47054572703
52,Male,83825.09190869075,Clothing,No,42920.52826644077
36,Male,54846.66518503464,Books,Yes,28088.194767874582
33,Female,85426.73729400174,Electronics,Yes,43441.52526217283
20,Male,29616.724429648675,Clothing,No,15142.89274056105
37,Male,63559.12783686796,Electronics,No,32490.023828133057
41,Female,20460.692839849726,Books,Yes,11165.185604581493
50,Female,45966.86639202162,Clothing,Yes,24062.913372582072
41,Female,49316.922789711825,Electronics,Yes,25641.949263009126
28,Female,51693.81532874043,Books,Yes,26327.004320835284
25,Male,75637.37653518897,Electronics,No,38399.676328577465
53,Male,51084.64810162766,Electronics,Yes,26909.887805030412
55,Female,55895.48980980245,Electronics,No,29105.517656472664
57,Male,39003.5304699462,Books,Yes,20794.24013563033
37,Male,49860.14333034721,Books,Yes,25821.672350051045
52,Male,38181.57018105211,Electronics,Yes,20317.304951326183
42,Female,25855.673901475493,Clothing,No,13849.50311944348
52,Male,68275.88747051024,Clothing,No,35284.55233352954
42,Female,73457.02388440131,Books,Yes,37723.41330420195
46,Male,69559.22768076917,Books,No,35813.158443216016
35,Male,57079.523504045785,Books,No,29178.019934671553
63,Male,50382.862414338386,Books,Yes,26350.692758914793
35,Female,89066.69196574602,Books,Yes,45162.98762853153
19,Male,61526.542810897445,Clothing,No,31166.255406210457
52,Female,58334.550210378475,Books,No,30331.6677786315
33,Female,22051.365264514854,Electronics,No,11670.241504506268
58,Female,47299.826210092506,Electronics,Yes,25017.310150904694
53,Male,50415.64950286856,Clothing,Yes,26287.59723398349
50,Male,51905.822471752035,Electronics,No,26983.63571475661
21,Male,66413.78953818658,Clothing,Yes,33613.28406950533
50,Male,62688.203738150274,Clothing,Yes,32225.62323317351
31,Female,68632.40742347557,Electronics,No,35054.13512458125
38,Female,81190.66092337026,Books,No,41591.59723296899
37,Female,85038.85909728748,Electronics,Yes,43368.16309629048
25,Male,77449.84609811955,Electronics,Yes,39139.85988489029
24,Female,96441.89567639478,Clothing,No,48843.98211935903
20,Male,21458.606614108932,Electronics,Yes,11066.823508044166
34,Female,35662.23885468369,Clothing,Yes,18475.215987642925
50,Male,20605.029998251368,Books,No,11328.681181894326
29,Male,71797.97713236825,Books,No,36541.27291003815
39,Female,91842.44391599896,Books,Yes,46685.355557882795
39,Female,39478.58372610394,Electronics,Yes,20606.560257395373
63,Female,94162.76358370454,Clothing,Yes,48497.89803192834
47,Female,24821.39122316487,Books,No,13500.913500063236
55,Male,94754.88214444114,Clothing,Yes,48672.586714402
55,Female,48129.814979170755,Clothing,Yes,25440.849354814727
62,Female,28113.66627593732,Books,No,15442.822070134773
25,Female,58869.74073490605,Books,No,29978.1967160126
44,Male,40542.12541764064,Clothing,Yes,21306.994087932617
44,Male,42789.832156953824,Books,No,22371.58770187743
51,Female,44583.197194102926,Clothing,No,23427.23529480409
38,Male,84242.07182661307,Clothing,Yes,42968.7577918137
47,Female,63132.90213402036,Books,No,32480.245656794792
50,Male,44904.61593248029,Electronics,No,23429.49832545795
45,Male,68826.70266487348,Books,Yes,35373.639512329224
64,Male,77292.05393785548,Electronics,No,40020.91797651238
50,Male,41809.92005868271,Clothing,Yes,21907.01593704818
22,Female,53083.92812202812,Clothing,Yes,27109.298255874917
36,Female,29750.887466955806,Electronics,No,15898.520323881821
21,Female,34491.94796277443,Clothing,No,17556.54090945939
52,Male,74489.42831719862,Electronics,No,38422.93860635568
34,Female,34515.06781565015,Electronics,Yes,18045.936445735995
61,Female,62013.07069336481,Clothing,No,32336.600902215872
45,Female,76723.70093779461,Electronics,Yes,39333.778998851274
47,Male,28550.15384757951,Books,No,15250.470935285039
46,Male,65384.97757031229,Books,No,33675.43883025696
63,Male,40525.022696109096,Clothing,No,21542.347959701023
23,Female,97034.15001900638,Clothing,Yes,48910.0208777662
52,Female,58683.65173759398,Electronics,No,30453.434365732544
58,Female,84479.40398201265,Electronics,No,43353.05862818671
54,Male,64018.123372500944,Electronics,Yes,33254.3809973085
41,Male,23473.002628385533,Electronics,Yes,12469.946804084955
46,Female,70652.1100475218,Books,No,36413.92046170649
63,Male,96112.26737653256,Books,No,49409.08998828663
48,Male,68128.9456117065,Clothing,No,35117.81166742664
52,Male,85535.1087541432,Electronics,Yes,43691.12339028682
50,Male,90736.51706787263,Electronics,Yes,46435.39859012716
38,Female,38246.3817559146,Clothing,Yes,20083.547220823286
49,Male,36963.58719265813,Electronics,Yes,19509.932798426034
40,Male,68878.47910807934,Electronics,No,35211.433339043295
50,Male,52882.27758453638,Electronics,Yes,27477.471782767618
20,Male,87188.90422933763,Electronics,Yes,44087.62435240488
35,Female,92001.8498718409,Electronics,Yes,46730.787890889165
42,Female,48273.71034421745,Clothing,No,25165.236895317652
59,Male,38949.64471795857,Electronics,No,20728.355605980243
48,Male,82442.04121950894,Clothing,Yes,42195.46367495968
20,Male,41984.482843850885,Electronics,Yes,21362.107069241883
57,Male,85809.14548109427,Books,No,44143.01740107503
63,Male,53899.06029190103,Books,No,28305.69677542165
41,Male,73403.99194331764,Books,No,37492.77508104035
49,Female,27642.825106773453,Books,No,14642.779650555312
64,Male,69908.74597412584,Clothing,No,36325.44920602051
39,Female,56141.41429897833,Clothing,No,28897.026810363062
40,Female,66928.67705403792,Electronics,No,34392.94564381153
19,Male,33441.13661958907,Books,No,17346.2857631585
44,Female,78949.89959553457,Clothing,Yes,40437.26661339638
59,Female,89023.76620345829,Electronics,Yes,45755.49924004487
19,Female,37339.184007262054,Electronics,Yes,19049.859806866192
43,Female,27657.16444161294,Clothing,Yes,14742.340041656964
34,Female,21891.08688370691,Books,Yes,11726.601176815018
57,Female,71357.72003546127,Electronics,Yes,36939.190759790516
50,Male,68567.52288710246,Books,No,35506.10797755794
26,Female,63735.7930171256,Books,No,32502.805065109394
60,Female,38555.76768927803,Books,Yes,20549.403757488293
56,Female,51272.47967244117,Electronics,Yes,26800.583778337237
46,Male,67558.10681489384,Books,No,34775.72068382525
59,Female,59741.34870873355,Electronics,No,31054.97353852851
43,Male,99022.84161719098,Books,No,50439.40391654928
52,Female,30915.18020453865,Electronics,Yes,16661.33149495981
42,Male,75611.56432380751,Books,No,38674.13693962661
41,Male,52345.50144834337,Clothing,Yes,26999.72207976517
30,Female,54255.96919404918,Books,Yes,27594.4549122911
24,Female,77407.8212526541,Books,No,39363.29429896909
53,Male,75394.89210594958,Electronics,No,38877.776091999316
62,Female,99300.47949617506,Electronics,Yes,51048.001476246005
37,Male,30271.54315633002,Books,No,15769.63634458728
18,Male,28328.77195073331,Clothing,No,14712.36984534066
25,Male,77947.1053702993,Clothing,Yes,39497.03099848784
63,Male,66270.95336051274,Electronics,No,34446.59714998642
33,Male,41932.85332478447,Clothing,Yes,21589.49797685035
31,Female,26353.54951911893,Books,Yes,13703.080186425479
29,Male,26852.659967714444,Electronics,No,14202.064615029578
40,Male,91535.26997312946,Books,Yes,46766.29472350449
32,Female,35349.385977499434,Electronics,Yes,18413.140173614385
45,Male,45869.724969241666,Electronics,No,23846.924027640198
51,Female,38132.51217815904,Electronics,No,20143.551672166097
19,Female,48399.704466554984,Electronics,No,24639.890734273937
49,Female,25553.907419687468,Clothing,Yes,13721.967737625775
40,Male,61524.78327266163,Books,Yes,31603.166114786432
39,Male,25409.00508737719,Books,No,13549.812742982027
42,Male,84028.52062578892,Books,Yes,43026.07603765934
39,Female,38696.96655283464,Electronics,No,20224.90769281869
39,Male,63200.953168360844,Clothing,No,32272.84141329048
59,Female,90406.32700491666,Books,Yes,46503.5182887782
23,Male,72070.18952377554,Clothing,No,36519.501705720795
32,Female,62636.62292410682,Electronics,Yes,32210.352431451796
60,Male,45946.70024923005,Books,Yes,24386.295904819428
54,Male,46640.15304465583,Clothing,No,24596.521953554646
50,Male,73558.95641585521,Electronics,Yes,37823.31941439028
25,Female,99531.1488976934,Clothing,No,50529.559956180456
61,Female,72947.13518795029,Books,Yes,37813.66184446472
61,Male,64622.673389601994,Books,Yes,33763.974735367854
22,Male,78452.04081913969,Electronics,Yes,39715.758448186665
56,Female,57216.44898269745,Electronics,No,29793.364817587764
21,Female,24811.387408062816,Electronics,Yes,12968.096439298617
23,Female,64983.74527023279,Clothing,No,33032.06039607779
62,Male,96610.02276043041,Clothing,Yes,49740.49257456212
49,Female,34024.23538861277,Clothing,Yes,18053.904762451537
47,Male,75200.39126565325,Electronics,No,38736.65713185766
64,Female,36074.69509272452,Books,No,19455.570997075527
52,Male,62866.2147578465,Books,No,32501.768157062535
57,Female,27734.11597173757,Clothing,No,15137.525647617016
33,Female,56029.67490065481,Clothing,No,28692.510945644102
30,Female,80493.06631161968,Books,Yes,41166.55373581041
59,Female,47805.721939118564,Books,Yes,24901.42773745184
47,Female,73192.93795897745,Clothing,No,37668.763299938226
36,Male,83635.99686317833,Clothing,Yes,42431.53884066146
34,Female,94174.22555835621,Books,Yes,47829.5471088563
36,Female,38771.36654843629,Electronics,Yes,20212.12246527102
45,Female,51945.273264744654,Clothing,No,27088.399988263696
43,Male,32193.281066433396,Books,Yes,16957.425312009007
54,Female,99398.68017267002,Books,Yes,50995.14127790119
43,Male,94160.07743394363,Books,Yes,47892.15705294933
40,Female,63196.57042244477,Books,No,32597.95218359787
26,Female,87362.6635501137,Electronics,Yes,44268.8972308665
29,Male,61676.638181763374,Books,Yes,31495.6625428058
18,Female,69886.85504022078,Clothing,No,35334.78965379935
18,Male,27129.95456928133,Electronics,No,14133.213632052226
64,Male,80421.63363974463,Books,Yes,41669.590804195686
51,Female,30217.078690818787,Electronics,Yes,16287.889517467846
49,Male,86085.41042020227,Clothing,No,43957.51837164246
42,Female,82562.24701363087,Books,No,42114.62132001241
57,Female,76699.57581943812,Clothing,No,39451.930257168446
62,Male,22892.83044198097,Books,No,12511.600932311268
18,Male,44250.26847562629,Books,No,22661.26604799815
33,Male,41049.00559286743,Books,No,21201.720443799444
56,Male,48810.91259772153,Books,No,25541.606902431537
22,Female,27011.419741107085,Books,Yes,14180.320093896098
39,Female,94956.62584248502,Electronics,No,48305.71406100388
46,Male,64304.1792569901,Books,No,33038.042534926455
20,Female,44441.944852641886,Books,Yes,22683.497864269444
29,Female,51758.52136594267,Electronics,No,26440.993777783646
43,Female,55776.20324038685,Electronics,No,28877.53719712222
33,Female,68047.54666884939,Electronics,Yes,34761.40712659828
54,Male,61254.354215719824,Electronics,No,31736.44996680053
39,Male,93551.35785715339,Electronics,Yes,47596.288611374664
46,Female,59757.07863246642,Electronics,Yes,30902.91716684901
31,Male,99372.64118586501,Books,Yes,50384.66870548449
45,Male,88113.99661960766,Books,Yes,44975.00080096308
22,Male,36680.841148586864,Clothing,No,18794.543980683917
64,Female,94447.6171715133,Books,Yes,48580.65630307471
47,Female,29309.311830838087,Books,Yes,15661.41410186509
63,Female,85395.97667929533,Electronics,No,44056.095936335165
22,Male,50449.86347812641,Electronics,Yes,25697.264658738404
29,Female,90237.94563560556,Books,Yes,45884.43210871543
33,Female,89444.53520859603,Clothing,Yes,45476.95042203897
43,Male,84474.03200940968,Electronics,Yes,43146.63132942235
43,Female,83202.4349045649,Books,No,42560.6558740203
38,Female,44374.33112784327,Books,Yes,23024.72870403976
56,Male,26473.542644100176,Clothing,No,14233.388686601722
53,Male,52238.41430121292,Clothing,No,27263.302419628624
50,Male,33881.96119892069,Electronics,Yes,17939.029979221927
47,Female,75596.08711219694,Clothing,Yes,38916.4863344216
54,Female,47687.97812302284,Books,Yes,24984.814097622075
40,Female,98048.8160687932,Books,Yes,49987.415064135705
27,Male,71277.76618762656,Clothing,No,36165.86123849352
22,Male,85798.44509074888,Clothing,No,43396.2154720885
53,Female,30601.973819347873,Clothing,No,16547.011259724623
51,Female,88961.15858180981,Clothing,Yes,45558.67763626343
48,Male,93820.57524107155,Electronics,No,47891.2059106622
27,Male,58964.95350551487,Clothing,Yes,30157.980814135615
36,Male,68500.2350200782,Electronics,Yes,35133.68366971419
49,Male,81184.78407223964,Books,Yes,41587.517122778336
18,Female,33987.090180833,Clothing,Yes,17239.998988374726
22,Male,60205.2861170754,Electronics,Yes,30581.640760787865
62,Female,51893.04222178505,Clothing,No,27319.257063061166
21,Female,31709.91937297993,Books,No,16262.456267547592
33,Female,49402.753783322514,Books,Yes,25445.283107959636
41,Male,25453.784750839484,Books,No,13531.143881623108
33,Male,22064.95255595896,Clothing,Yes,11569.259561726874
19,Male,30813.303132385823,Clothing,Yes,15789.103448488919
45,Male,97049.2089271339,Electronics,Yes,49591.91766563593
49,Female,63962.362871601355,Books,No,32789.1561877941
44,Male,97265.77289225759,Clothing,Yes,49608.10318117635
37,Male,54599.83026641056,Books,Yes,27991.308210065337
41,Female,44945.290646820766,Books,No,23418.4895303578
29,Male,60491.34902721953,Electronics,No,30977.10640719713
52,Female,55160.93509063281,Electronics,No,28698.27275182528
50,Female,28453.174740939514,Electronics,Yes,15324.620554591635
50,Female,71266.10517521651,Electronics,Yes,36667.416317894626
60,Female,37283.054600767966,Books,No,19771.968960373488
54,Female,69567.03639182638,Electronics,Yes,36148.327486546565
29,Female,72016.08739185227,Electronics,No,36596.53655320902
20,Female,32161.988250291848,Electronics,No,16732.773738265572
18,Female,24907.97016885345,Electronics,Yes,12843.035080446709
50,Male,82460.92688547519,Books,Yes,42352.98248177137
57,Male,56784.03390154561,Electronics,No,29498.236234807442
27,Male,24653.103640438065,Books,No,12968.891321909234
60,Male,99589.30537358137,Clothing,No,51012.093951075374
61,Female,24622.444879709332,Books,No,13564.970823787098
46,Male,75602.81830868425,Books,Yes,38852.41147132057
30,Female,98694.31402107309,Electronics,No,49995.242874028634
29,Male,39134.40833727405,Clothing,No,20054.389319092516
48,Male,31379.94949497569,Clothing,No,16776.10530382879
63,Male,29710.79515379431,Clothing,Yes,16070.807517898924
19,Female,44262.011805407645,Clothing,Yes,22647.657631143615
52,Male,28083.664880851735,Books,No,15229.132094959168
40,Female,75372.90733553056,Clothing,Yes,38533.90427913006
34,Female,24983.343850405014,Books,Yes,13374.907209611685
43,Male,60753.77025198318,Books,Yes,31355.06349677772
25,Male,99735.74830823814,Books,No,50348.28801210459
46,Male,85117.62156048151,Clothing,No,43668.95368046736
43,Female,69217.55505848088,Electronics,Yes,35469.610347066504
27,Male,44500.28966292893,Electronics,No,22832.47478847411
43,Female,69911.66690333108,Clothing,No,35860.201971303606
51,Female,62163.31711293213,Electronics,Yes,32277.18092656789
58,Male,54086.670711229715,Electronics,Yes,28414.87868535297
24,Male,30456.830139215956,Books,No,15863.69422529825
21,Female,90928.33721923734,Books,Yes,45991.5434415761
62,Female,55982.7719057058,Clothing,No,29268.359042406544
28,Female,35569.800945661205,Clothing,No,18227.30204866784
46,Male,49420.74807018317,Electronics,Yes,25598.959449646063
53,Female,53130.38020231416,Books,No,27866.855650086225
42,Male,86203.03164534994,Clothing,No,43807.90862392472
38,Female,78689.15044491217,Clothing,Yes,40111.126158131876
53,Female,81544.39149130718,Clothing,Yes,42031.6563738586
27,Male,20882.50115429178,Clothing,Yes,11072.221907065627
54,Female,53292.31985438092,Clothing,No,27883.96443429103
26,Male,58507.53213082589,Clothing,Yes,29898.048900540016
41,Male,21535.382145844535,Electronics,Yes,11834.649326658357
52,Female,40785.056699602734,Books,Yes,21547.071078457855
52,Male,80823.1858497708,Books,Yes,41587.93769780055
53,Male,30968.776458319924,Clothing,No,16521.963575954127
35,Female,62824.81051620733,Books,No,32236.038555661482
56,Male,37216.149761379,Books,Yes,19758.462270890577
49,Male,20969.66197151146,Books,No,11469.520398957658
41,Male,39296.11660796332,Clothing,Yes,20627.53065544637
40,Female,98069.90039280431,Clothing,Yes,50010.11253400809
49,Male,84122.96895063916,Books,No,43260.328690894195
54,Female,96766.13154568267,Books,No,49690.39209138996
29,Female,59028.323514109,Clothing,Yes,30270.893273190377
30,Male,28778.89589420028,Electronics,Yes,14917.403386076468
40,Male,63836.75911789544,Books,No,32951.14765724269
42,Male,56350.18676479687,Electronics,Yes,29206.89014946507
52,Female,87548.56661916927,Books,No,44802.69730057601
58,Male,27846.606462739568,Electronics,Yes,15256.194146926062
47,Male,59059.290961742256,Electronics,Yes,30465.918906774856
34,Male,32003.89317551874,Electronics,No,16823.809599770342
37,Male,45974.0741512048,Clothing,No,23645.41007149499
42,Male,78988.56619102397,Electronics,No,40333.46125463332
39,Female,58081.45034950132,Electronics,No,29986.718087670713
30,Female,50071.06281166155,Electronics,No,25837.820080130063
36,Male,51558.10228560283,Books,No,26581.594828744794
53,Male,56755.741472478934,Electronics,No,29489.25387257067
29,Male,82801.32350696455,Books,Yes,41839.175123980574
58,Male,91366.77511521876,Electronics,Yes,46922.48544764424
36,Female,96426.77492031426,Electronics,Yes,49101.73596783958
29,Male,82952.27090042361,Clothing,No,42074.45893961824
26,Female,45232.55165984102,Books,No,23199.018035811067
24,Female,75050.77648692337,Electronics,No,38081.82649666989
45,Male,55008.24992443135,Books,Yes,28441.95434043353
31,Female,40373.649763684094,Books,No,20879.41262083803
48,Female,87269.7263540738,Clothing,No,44632.593718821656
36,Female,23074.107916986,Clothing,Yes,12486.382913856194
64,Female,92140.95937083388,Clothing,No,47194.83780057856
33,Male,56918.19716997873,Clothing,Yes,29134.51432639226
22,Male,70976.11814466244,Clothing,Yes,35911.0334499795
52,Female,72748.31377646262,Clothing,No,37501.06794823475
29,Male,91609.41925652292,Clothing,No,46442.42410684977
42,Male,70933.5745733766,Clothing,No,36519.00659684324
38,Male,69114.68678080494,Electronics,Yes,35612.45759523225
53,Male,25332.163244855197,Books,Yes,13718.77327687055
40,Male,61472.64175561633,Clothing,Yes,31606.370884311527
33,Female,32013.520065363333,Clothing,No,16751.390474374104
56,Male,78994.70149771884,Books,No,40587.56937402568
62,Male,60977.75366501396,Electronics,No,31871.71503611074
59,Male,74418.22233666826,Books,No,38415.16043145763
56,Male,23333.832048190743,Books,Yes,12750.152539035274
31,Female,26783.361283664257,Clothing,Yes,14068.723811405474
48,Female,77305.87104501459,Books,Yes,39598.16806523323
22,Female,25766.746879893868,Books,Yes,13512.03812288886
52,Female,25700.53822122069,Clothing,No,14145.425036121711
40,Male,20968.678018790997,Clothing,No,11358.820946784952
46,Female,96520.1118639584,Clothing,No,49256.18360878453
60,Male,79000.66875672055,Clothing,Yes,40785.5778550477
28,Male,48260.11268016513,Books,Yes,24878.2797429764
35,Male,43722.84650301242,Books,No,22727.49315186593
64,Male,47976.25837966797,Electronics,No,25336.56383297916
29,Male,81972.28249449455,Electronics,Yes,41691.40023998518
26,Female,72909.64888563316,Books,No,37105.08908353429
27,Female,34815.64542939744,Electronics,Yes,17949.053969043645
61,Female,33928.74682672675,Books,Yes,18390.63423710542
34,Female,27871.651977071786,Electronics,Yes,14904.309177658615
55,Male,72824.21757610705,Clothing,No,37678.611998537475
24,Female,81149.81297773888,Electronics,No,41025.347097707985
63,Male,41203.71426600032,Clothing,Yes,21734.857087458273
30,Female,21675.596882473026,Clothing,No,11573.670308588305
57,Male,26573.733398114186,Clothing,Yes,14420.847754160885
59,Male,97428.80278760244,Clothing,Yes,49993.11472921352
26,Female,43635.58219819362,Electronics,Yes,22606.305971097565
44,Male,81537.85182705069,Books,Yes,41653.230395885505
19,Male,69973.0855083411,Clothing,No,35378.78728852965
22,Female,50555.17117223167,Electronics,Yes,25860.257883374667
46,Male,36454.98097564441,Clothing,Yes,19087.73952382398
54,Female,29710.913452752517,Electronics,No,15954.671106775671
55,Female,69201.03744310932,Electronics,Yes,35818.00447192979
36,Female,81970.70245102304,Electronics,Yes,41790.305738629744
25,Male,71512.34028329045,Books,No,36367.01091702515
62,Male,62424.170659932664,Electronics,No,32808.683291410256
18,Male,23356.0978745309,Electronics,No,12127.962771207263
39,Female,97479.1022075507,Books,Yes,49520.379909171555
34,Male,83897.13533236596,Books,No,42820.39170165874
24,Female,43425.76293607718,Electronics,No,22128.99962050657
42,Female,98397.62634870806,Books,Yes,49984.92235725112
62,Male,68150.52717090577,Clothing,Yes,35325.753241588114
21,Female,66593.81265657971,Clothing,Yes,33773.6176562379
53,Male,79845.85435436257,Books,Yes,40991.01990352957
23,Male,84941.583047211,Books,Yes,42997.640291163196
48,Male,72518.28858652021,Electronics,No,37326.61848353474
36,Male,30247.659709296,Books,No,16000.725808175514
61,Male,47061.400479559874,Electronics,No,24839.819067164317
56,Female,94246.69122608397,Clothing,Yes,48272.15098827248
44,Female,37969.24894750815,Books,Yes,20051.089012398017
27,Female,49773.36190700106,Electronics,Yes,25459.909405927516
43,Male,54566.150635535676,Electronics,No,28059.815043199105
36,Male,55152.39917555617,Clothing,No,28466.79518956854
56,Male,69035.16659956204,Books,Yes,35821.76862426212
20,Female,95446.06701957661,Clothing,No,48108.8036705679
62,Male,39255.416946600395,Electronics,Yes,20927.798587918103
30,Female,29720.110104073443,Electronics,No,15463.362297503729
45,Female,35797.63918879499,Books,No,18896.48201615401
37,Male,90953.99201674155,Electronics,No,46470.20093750759
45,Male,71664.86501241647,Books,Yes,36872.72068606775
25,Female,42872.54313913281,Clothing,No,22104.84403382471
58,Male,85275.75511748937,Books,No,43929.85039191379
56,Female,88909.59970907489,Books,Yes,45659.78793968153
18,Male,87721.14709522224,Electronics,No,44408.907591402254
20,Male,93514.12269116436,Electronics,Yes,47331.56440187346
30,Female,40179.28161386892,Books,Yes,20918.585378449774
45,Male,80403.35429970226,Electronics,Yes,41155.72225573495
42,Female,56843.1597819312,Electronics,Yes,29202.768727011062
50,Male,87359.88423120492,Electronics,Yes,44884.46721708977
55,Female,78279.25417292905,Books,No,40339.60403852513
23,Female,82115.79571997796,Electronics,Yes,41603.293249956856
61,Male,72492.94701448572,Books,Yes,37512.45822601211
62,Female,34194.301557576546,Electronics,Yes,18707.619411378484
49,Male,63602.15351175507,Clothing,Yes,32786.85729062411
62,Male,98773.57916196066,Electronics,No,50621.459250297696
64,Male,94991.04531976952,Electronics,Yes,48884.051083234095
38,Female,23453.898863760933,Books,No,12669.998519677762
33,Female,33185.18525835497,Books,Yes,17565.43282783041
38,Male,30538.301876364952,Electronics,No,16174.887434521434
28,Male,78078.39279882364,Clothing,Yes,39542.15552501388
54,Female,85422.82638855561,Electronics,Yes,44103.49962134958
53,Male,37080.909304853754,Electronics,No,19678.507782519166
52,Male,60468.21543614632,Clothing,Yes,31260.33677488366
36,Female,87256.242240896,Books,No,44305.18187473806
37,Male,78624.12358130005,Electronics,Yes,40235.69466258357
35,Female,63378.97643934786,Books,No,32478.37115829257
64,Male,67227.81523670183,Books,Yes,34998.4151560455
58,Female,60668.8437533024,Clothing,Yes,31708.07218855839
31,Male,43803.876105505646,Clothing,No,22491.72259360186
32,Male,65201.759428721285,Books,Yes,33447.49517718801
48,Female,75110.82416400725,Electronics,Yes,38578.49634972426
18,Male,89865.83326886462,Books,Yes,45579.31737182355
20,Female,70903.30831833984,Electronics,Yes,36026.52806076923
33,Male,80889.72296345263,Electronics,Yes,41112.837628748675
40,Female,32805.73079636584,Clothing,Yes,17085.323589850872
28,Female,56924.597953583194,Electronics,No,29198.191449019498
29,Female,20746.529586167464,Electronics,No,11010.846765484714
27,Female,39734.30916172984,Books,No,20456.598011412738
49,Male,78116.93720904039,Clothing,Yes,40185.088205437605
33,Male,99344.79610794908,Electronics,No,50513.439436599605
25,Female,27934.247966977273,Electronics,Yes,14704.495017555566
55,Female,52119.545268903064,Clothing,Yes,27127.28850361324
29,Female,84005.67749593276,Books,Yes,42810.42822292884
41,Male,36322.85077031191,Clothing,Yes,18993.52085153914
45,Male,64406.7959441829,Clothing,No,32927.77297861663
25,Male,78645.70368237398,Electronics,Yes,39805.00780650098
45,Male,69278.83602081431,Electronics,No,35641.220519620416
53,Female,35041.97876923329,Books,Yes,18568.107960008532
43,Female,48430.76549485915,Electronics,No,25161.57830051197
25,Female,82703.34275883177,Electronics,No,41980.4966281688
45,Male,64338.12113056133,Clothing,No,33100.92202496974
45,Male,20418.36908343302,Electronics,No,11139.749107930838
54,Male,80879.2608022475,Books,No,41444.56079482493
58,Female,22824.908395219125,Clothing,No,12639.648578431095
53,Female,79658.70261849857,Books,Yes,40767.855570490814
44,Male,36198.444813218994,Clothing,No,18960.622602437554
34,Female,96645.87840955042,Electronics,Yes,49025.16079386914
26,Male,49435.26010416676,Clothing,No,25263.692366932486
50,Male,46154.52930704632,Clothing,Yes,24125.931673592233
37,Female,31911.044026595577,Electronics,No,16886.517680741163
30,Male,44448.33723921719,Electronics,No,23062.516347333552
45,Female,90132.06094625604,Books,Yes,45939.25258910432
46,Male,99706.74701017978,Books,No,51022.65676761689
30,Female,49464.76244054787,Electronics,No,25349.451660321793
63,Female,55888.850476363405,Electronics,No,29316.67791647401
52,Female,77765.67505621896,Electronics,Yes,40088.92382702431
23,Male,90895.66243720596,Clothing,No,46202.28949386123
35,Male,67443.54673494273,Clothing,Yes,34437.5451336951
22,Female,51322.055854226346,Clothing,No,25986.354125815367
64,Female,53009.7472678899,Electronics,No,28028.911580964246
42,Male,75649.45171974454,Books,Yes,38651.388503992726
19,Male,20257.461088342294,Electronics,No,10552.571686113588
27,Male,69567.14699678725,Clothing,No,35261.79853300101
47,Female,48439.44083530859,Clothing,Yes,25208.850040349404
62,Male,83535.78650216674,Electronics,No,43003.85409746283
22,Male,27439.251185850575,Electronics,Yes,14327.269774574765
50,Female,67056.18135587123,Clothing,Yes,34621.169840907816
18,Male,58477.8311908899,Clothing,Yes,29600.810079383482
35,Male,71386.04207241819,Clothing,No,36542.60823387499
49,Male,25188.28755863747,Electronics,Yes,13699.643454386194
64,Female,66398.7029942505,Clothing,Yes,34379.746672080844
28,Female,64918.7670367619,Clothing,No,33176.35384978938
38,Female,64852.80755329367,Books,Yes,33289.8905650321
43,Female,68279.01332771638,Electronics,No,35233.579912617344
42,Female,74117.43497810897,Books,No,37976.10923168875
39,Female,84399.11997446159,Books,No,42965.38905217403
44,Female,41585.65761025715,Clothing,No,21717.39927179839
30,Male,86003.95281440497,Electronics,Yes,43782.36834029056
50,Male,59860.45458107629,Clothing,Yes,30923.153584568056
51,Female,26164.662330746494,Electronics,Yes,14173.30148666249
58,Male,24684.074339518338,Books,Yes,13549.868311759263
52,Male,46739.06549568486,Electronics,Yes,24394.595586820844
18,Female,82791.75816891741,Clothing,No,41745.24674199585
38,Male,76614.47477927327,Clothing,Yes,39154.49240881705
23,Male,83089.19717379252,Clothing,Yes,42194.84636166156
45,Male,61381.52451532875,Electronics,Yes,31722.476956135422
34,Male,55215.91983643924,Books,No,28333.37379228272
22,Male,31796.202136502718,Books,No,16304.973990856128
48,Female,46255.42028874492,Electronics,Yes,24312.226185544485
22,Female,54721.54929391002,Clothing,No,27909.125196949695
55,Female,27088.034374369377,Books,Yes,14658.344210832765
20,Male,37648.9562168969,Clothing,Yes,19384.34295431694
40,Female,67858.0235250991,Electronics,No,34879.9694687006
54,Male,78853.0491391352,Clothing,No,40475.17153463097
54,Male,99867.80091143597,Books,Yes,51073.762630091565
27,Male,94649.06650748462,Books,Yes,47885.25598091802
27,Male,71405.21596281533,Clothing,No,36555.961775410826
36,Female,53699.84426352576,Electronics,Yes,27738.096620075445
34,Female,70894.18917665862,Clothing,No,36210.77079381413
38,Male,82852.12944641855,Electronics,Yes,42333.331028816945
31,Female,29466.895273870985,Clothing,No,15556.363895755243
26,Male,52792.39117570306,Books,Yes,26977.857573407684
63,Female,87184.18285084938,Electronics,Yes,44908.100495638115
18,Female,50706.63615464352,Electronics,No,25892.746400131502
62,Male,65749.78169817492,Electronics,Yes,34197.39639248733
30,Female,67021.54886897586,Books,Yes,34088.78490157988
21,Male,34758.100250691146,Clothing,No,17722.581482169968
18,Female,48978.835332183065,Books,Yes,25087.347321175486
57,Male,46760.903099354575,Electronics,Yes,24633.616006369215
49,Male,22095.736682565184,Clothing,Yes,12038.911602883352
51,Female,21935.34111130842,Books,No,12029.237064550003
45,Female,86535.76349406187,Electronics,No,44343.62621883177
48,Male,41845.664797825,Electronics,No,21933.491847328292
25,Female,61446.30129910524,Books,Yes,31163.208676634877
56,Female,43898.04588710185,Books,Yes,23186.607028765717
43,Male,95254.33960922725,Books,Yes,48678.00458637098
51,Male,40743.740709261896,Electronics,Yes,21606.016786428172
20,Female,54372.545019114805,Books,No,27595.33951574368
29,Male,89818.42003876815,Electronics,Yes,45716.127285029914
18,Male,87354.6853433447,Books,Yes,44128.63766903951
61,Male,34888.113427702185,Electronics,Yes,18888.171448238965
22,Female,84211.46478365683,Electronics,No,42698.10109482867
47,Female,56654.95093903141,Clothing,Yes,29200.31578525244
47,Male,58637.509766828414,Books,Yes,30503.42877716504
34,Female,30678.3977932755,Books,Yes,16109.377281757646
64,Male,26448.121100569973,Electronics,Yes,14661.739932676368
40,Female,78235.14455790122,Electronics,Yes,39898.16781610343
32,Male,59716.89218842398,Electronics,No,30628.9787442198
54,Male,54948.05620921437,Clothing,Yes,28734.320877881448
38,Female,78360.65829219174,Clothing,Yes,40218.86117975571
31,Male,81241.03191928877,Electronics,Yes,41480.555939123915
19,Female,32712.653413548287,Books,Yes,16876.74917716875
28,Female,68818.01195821131,Books,Yes,34899.56824377082
56,Male,30828.326582214842,Clothing,Yes,16617.39057015716
55,Male,80110.00688232365,Clothing,Yes,41165.752484640536
51,Female,72556.41250137116,Electronics,Yes,37436.704038167205
55,Male,96529.16968667664,Books,Yes,49312.95226005881
51,Male,25516.641308513696,Electronics,Yes,13857.303963477658
35,Male,24564.377692100345,Clothing,No,12980.470537669566
47,Male,42574.96597545601,Books,No,22222.66635213108
32,Male,40936.454698872476,Books,No,21104.403730837123
44,Female,39758.30392575999,Clothing,No,20810.56649124117
51,Female,92500.36644168294,Electronics,Yes,47413.80269674627
55,Male,39963.695987960484,Electronics,No,20911.998635193097
50,Male,41755.978090290475,Books,No,21690.345759511452
41,Male,80751.86099343709,Clothing,Yes,41232.06136272636
32,Female,55979.1873960432,Books,No,28674.81679355104
47,Male,82136.8445564145,Clothing,No,42077.33339986764
59,Female,25229.29260515082,Electronics,Yes,13836.879067089787
34,Female,59005.69549387074,Clothing,Yes,30268.794266337638
22,Female,22689.08801466261,Electronics,Yes,11912.196327833111
46,Male,25012.25627642836,Clothing,No,13402.672328527633
21,Female,92514.99626755288,Books,No,46843.84371595055
27,Male,31139.629689407615,Electronics,Yes,16227.513475849313
34,Female,62593.65458201737,Books,Yes,32116.523400555016
27,Male,52887.648208056526,Books,No,27040.708677156646
34,Female,47787.46610070742,Electronics,Yes,24899.100360659882
37,Male,91986.6676549818,Electronics,No,46872.97353440266
41,Female,21745.87174203916,Books,Yes,11729.136539398856
22,Male,73103.17489404713,Books,Yes,37143.684135460404
51,Male,97071.55473708404,Books,No,49442.01687679635
23,Male,64813.45467694735,Books,Yes,32948.687364740385
19,Male,94945.79696264735,Electronics,Yes,47984.81451033287
30,Female,24180.6303428819,Electronics,Yes,12818.41724764882
60,Female,53503.46552593291,Books,No,27983.354875882564
60,Male,40812.62327696409,Clothing,Yes,21575.084302798343
28,Female,78465.67719845838,Clothing,Yes,39798.903898024095
64,Male,98503.76723977973,Electronics,Yes,50642.0911115146
40,Male,40522.40499553982,Books,Yes,21019.85057452711
33,Female,72333.96811792595,Books,Yes,37089.000820527704
48,Male,35847.81062077921,Electronics,Yes,18719.815542455235
28,Male,65226.420365728794,Clothing,No,33190.86639610993
33,Female,57114.5989350669,Clothing,No,29293.33843144422
25,Male,97760.42637052297,Clothing,Yes,49500.955278044814
21,Male,68682.18181571733,Electronics,No,34749.49843513242
57,Male,47960.5097669455,Clothing,No,25283.68436286157
21,Male,29127.662791034672,Electronics,Yes,14944.448291136045
42,Female,32099.746298794766,Electronics,No,16928.260290536626
20,Female,38025.3543960988,Books,No,19539.751953577343
49,Female,40077.33290722384,Clothing,No,21187.685310091198
20,Male,88049.28462729102,Electronics,No,44364.2421840074
44,Male,64897.823062601994,Clothing,No,33643.415210342515
46,Female,61871.272909949315,Clothing,No,31830.887298657937
49,Male,29181.5097495374,Books,No,15489.536627015921
36,Male,88811.1754679548,Clothing,No,45225.85922315473
38,Male,77825.1442566787,Books,Yes,39707.74278298121
22,Male,25413.468952000127,Electronics,Yes,13197.12924474609
35,Female,76626.8077783815,Clothing,No,39137.96829494772
45,Female,63483.05738741169,Electronics,No,32583.799124663063
59,Female,26538.02765974226,Clothing,Yes,14363.80038987366
39,Male,56664.051322292515,Electronics,No,29132.283324631935
38,Female,58775.702970403756,Clothing,No,30320.64165914721
23,Female,33261.96321306206,Clothing,Yes,17120.57607718975
18,Male,95655.85176002259,Clothing,Yes,48417.84154846416
22,Male,87998.02971845295,Clothing,Yes,44629.116335343664
58,Female,73521.78698632866,Clothing,No,38014.188111615076
29,Female,56983.644880048574,Clothing,No,29170.794825961762
43,Female,52941.24332676068,Clothing,Yes,27443.821925882028
63,Female,72077.87737207633,Clothing,Yes,37399.91045890637
51,Male,63634.54955255244,Clothing,No,32850.6506065284
31,Female,24981.84847055085,Electronics,Yes,13200.905451954708
43,Female,61000.211901626535,Books,No,31318.10993515401
62,Male,84512.28937862716,Clothing,No,43325.14041038456
44,Female,56739.19020775664,Books,Yes,29445.002164806527
26,Male,24156.526204341473,Clothing,Yes,12683.988945849267
43,Male,82902.25595072264,Clothing,No,42361.7491109235
64,Male,36109.10257087795,Electronics,Yes,19474.396197724764
39,Female,40689.6667910431,Electronics,Yes,21156.993650042183
64,Female,33176.50827458367,Books,Yes,17853.147915953392
47,Male,46417.2051897198,Electronics,Yes,24220.234125492087
60,Female,80540.1204550908,Electronics,No,41701.87007572178
34,Female,61550.86876031499,Books,No,31403.56027730818
43,Male,36390.501932057,Electronics,No,18872.544430347683
53,Male,90226.40625216327,Clothing,No,46171.06301689976
18,Female,90366.54839612234,Books,Yes,45742.54418968469
25,Male,89646.27400368055,Books,Yes,45219.88259940484
52,Female,39103.69691052314,Clothing,No,20538.820094879284
32,Female,56099.147534479045,Electronics,No,28810.92844129734
64,Female,98799.17249127,Books,Yes,51021.576949182534
39,Female,81760.99810479922,Books,No,41589.67788554699
31,Male,22173.393698044787,Clothing,No,11617.003439875598
43,Male,25216.367300839363,Clothing,Yes,13572.0534873036
45,Male,57114.51014498662,Electronics,No,29657.72251649268
40,Male,92737.61646892481,Books,Yes,47176.39836322983
31,Female,63096.14383621714,Electronics,Yes,32120.932502496355
41,Female,59825.000642743216,Electronics,No,30870.875243460243
19,Male,28437.895996530446,Clothing,Yes,14730.43213799552
62,Female,72542.40837794353,Books,No,37754.06970162559
43,Female,85768.25284801803,Books,Yes,43894.821135241444
31,Female,50433.60060060499,Books,No,25984.60690793973
24,Male,82048.94807402621,Clothing,No,41528.259522626315
20,Male,97158.13231206493,Clothing,No,49273.216590249416
64,Male,36301.31673021513,Clothing,Yes,19460.844164048718
40,Female,61866.37049557931,Clothing,Yes,31756.993035648477
63,Male,42971.03664676604,Clothing,No,22976.469815234883
60,Male,83428.35352270716,Books,Yes,42836.75303346404
64,Male,66207.4692704926,Electronics,No,34278.99379679351
62,Male,70766.5934040243,Books,No,36685.252394472
35,Male,83833.13276927153,Electronics,Yes,42716.392732308195
55,Male,51677.63781299639,Clothing,No,26966.03010834313
52,Female,93207.20547256345,Electronics,Yes,47857.99571199389
32,Female,62642.3093796912,Books,No,31935.334071616744
42,Male,32636.38582682784,Books,Yes,17234.609625976387
54,Male,75671.9294535042,Electronics,No,38959.95413148828
45,Female,83460.90803506036,Clothing,No,42606.332167519504
27,Female,45340.934165402134,Clothing,Yes,23289.283074305
56,Male,88574.34055990024,Books,No,45542.42986027963
34,Male,92491.4603812613,Electronics,No,47217.7870026737
56,Male,42152.35899022472,Clothing,Yes,22324.121393402256
39,Male,98681.71781721777,Clothing,No,49919.77540846874
43,Female,31256.922243900673,Books,Yes,16569.64711340617
61,Male,36161.2534721992,Clothing,No,19355.607015189882
42,Male,34737.98713904209,Electronics,Yes,18402.61447047904
34,Male,91519.17680062963,Books,No,46508.06943056379
30,Male,72343.40418599694,Books,No,36947.01098472868
37,Female,32168.34265778183,Electronics,No,16958.33839045244
42,Female,55225.873469467915,Books,Yes,28693.816541683747
21,Female,69223.84200558416,Clothing,Yes,35073.04641078725
27,Male,26677.12679915066,Clothing,Yes,13962.997746305
20,Male,90593.3094725871,Electronics,Yes,45879.31888983254
58,Female,84288.28283532281,Clothing,No,43311.922010632064
62,Male,60416.54188613106,Electronics,No,31449.269662857423
35,Male,97370.12922073364,Electronics,Yes,49422.12940039815
64,Female,53420.87834200798,Clothing,Yes,28000.517609295097
53,Female,98728.82552291983,Electronics,Yes,50591.66895354744
64,Female,73433.59990429017,Clothing,No,37878.319149181625
39,Female,70773.70186031531,Books,Yes,36096.25392752587
51,Male,33276.3916236628,Books,Yes,17914.470461067125
64,Male,90554.22066437152,Electronics,No,46564.60066008834
25,Female,54199.17503364921,Clothing,No,27684.589001941782
57,Male,32978.67246259835,Clothing,Yes,17550.42158950926
61,Female,21008.601598060723,Books,No,11798.71322580929
36,Female,64780.454691070605,Books,Yes,33123.32667876716
59,Male,62191.9697698141,Clothing,No,32169.67593509101
58,Female,77548.28978953269,Electronics,Yes,40182.836938522814
54,Male,91220.64424142418,Books,Yes,46878.578693418174
23,Male,26352.52677144236,Electronics,Yes,13725.527906649779
43,Male,78519.71922722898,Electronics,Yes,40319.80151688228
51,Male,34992.95552780658,Books,No,18756.807032676006
62,Female,88654.16425257311,Electronics,No,45737.48971960237
23,Male,85525.08110893249,Electronics,No,43350.50852841724
54,Female,63263.50039884355,Clothing,No,32796.64516907011
50,Female,76819.42388986492,Electronics,Yes,39589.66168141839
39,Female,45148.00905469987,Clothing,Yes,23402.61258800097
38,Female,57693.43191462517,Books,No,29644.052370396443
23,Male,85730.95181683774,Books,No,43420.56504594012
23,Male,56741.21577385711,Clothing,No,28833.221399912603
21,Female,48623.86122603534,Books,No,24760.35064573832
47,Female,59536.99578002399,Electronics,No,30803.516556475493
28,Male,86259.94019497746,Electronics,Yes,43905.030852548036
47,Female,46816.64378966982,Electronics,Yes,24350.055519478945
48,Male,33900.927450859504,Books,Yes,18056.381575700278
41,Female,76961.12162646247,Electronics,No,39474.74045451158
26,Male,86078.25701664654,Books,No,43687.70970925295
20,Female,28050.99828188267,Electronics,No,14439.824502920384
48,Female,39189.92902047558,Clothing,No,20450.6963486867
57,Male,31357.75918087951,Books,Yes,16944.849637680898
54,Female,47835.31292657333,Books,Yes,25101.41034172806
53,Female,56028.07831243301,Electronics,No,29269.47681969282
41,Male,79906.10695706452,Books,Yes,40772.9997957313
48,Female,72091.80679053393,Books,Yes,37166.9152328926
23,Male,69674.28539827449,Clothing,No,35452.583910359186
19,Male,48189.99572877235,Clothing,No,24515.46689228124
37,Female,87315.8042467808,Electronics,No,44534.59507371688
45,Female,57702.973391853164,Clothing,No,29854.683341678992
28,Female,98328.39504121237,Electronics,No,49737.05056770322
21,Female,70731.37106365894,Electronics,No,35933.79519205793
32,Female,30101.17932516022,Electronics,Yes,15967.839496670213
23,Female,74094.20496603471,Books,Yes,37594.32287647162
47,Female,46008.32123453592,Clothing,No,23863.068123402794
55,Male,74906.1757348878,Electronics,Yes,38584.3652143525
19,Female,25571.291852992457,Clothing,No,13052.702981611066
32,Male,33990.51497407675,Electronics,No,17844.28359994298
28,Female,88458.9807124629,Clothing,No,44930.90088586426
25,Female,38174.364561881186,Clothing,No,19602.04535377381
43,Male,86963.29001943521,Electronics,Yes,44299.83901752071
62,Female,42342.08707635284,Books,No,22392.71404235217
61,Female,71430.5528046966,Clothing,Yes,36956.44870577859
22,Male,75532.04588078648,Books,No,38266.963700295244
23,Female,61012.380251604234,Books,No,31038.766060121954
43,Female,44424.854135738504,Electronics,No,23301.570265406623
21,Female,37011.55010968769,Electronics,Yes,18971.49956907404
36,Male,22655.148364994096,Electronics,No,11976.755397061655
37,Female,44315.7120992579,Clothing,No,22847.158202114722
50,Female,72253.02324250265,Electronics,No,37219.209135806675
37,Female,95064.38547587862,Electronics,Yes,48314.32493124473
29,Female,89696.35858104416,Clothing,Yes,45483.97843597078
64,Male,81285.1821228242,Clothing,Yes,41947.18770338016
18,Male,83075.78746026389,Electronics,No,42076.91757550246
43,Female,73198.79227807962,Electronics,Yes,37515.69957033058
31,Female,40822.94860528024,Electronics,No,21088.740094945337
55,Male,92575.60245646638,Electronics,Yes,47559.52958634907
54,Male,73658.58495246671,Books,Yes,37922.79428513015
28,Female,64835.2504784352,Books,No,33084.946476663295
53,Male,28879.157537078485,Electronics,Yes,15632.727294741419
30,Female,55764.443504514034,Books,No,28561.398338153125
60,Male,56828.6616961541,Clothing,No,29550.891209806403
20,Male,89165.0887618136,Books,Yes,45175.521803359
50,Male,63731.85761502308,Books,No,33137.99718716985
23,Male,50432.04391763277,Electronics,No,25756.904772643124
27,Female,98144.02628085275,Books,Yes,49592.37765308934
22,Male,28857.647466105256,Books,Yes,14941.73400388513
40,Male,53803.87426495557,Books,No,27850.923146536385
27,Female,23361.974013712424,Books,Yes,12244.468239284652
61,Male,79192.32966135442,Clothing,No,40853.27491226539
19,Male,93446.12417593205,Electronics,No,47217.12750160724
